X,y,X,y,X,y,X,y,X,y
-0.12238161647419864,0.5642086709619046,0.7645563418991372,-1.461365791783369,-0.970067013513442,1.3628381158581653,1.248067064352786,-1.1080884072723958,1.021628114149664,-1.1168322600852052
-0.9999229209604038,1.075919507019587,-0.41389736494535495,0.8866821504744847,0.44656359179461114,-1.0323348242584094,-0.5238896174443937,1.206574554656223,-1.1605252142951221,1.0340208193857516
0.794161523766949,-1.463792264901836,-0.024247348972579248,-0.02984184928450406,0.6272077629412757,-1.1864996954965605,1.001698755653713,-1.3406970584637787,0.5137131152875156,-1.2237411228421555
-1.3606899016936216,1.120542431782859,0.3463953491478659,-0.526966731453322,-0.9415442496481792,1.31702740117779,1.0301258681959138,-1.5337392879626368,1.1250922805845462,-1.3427150039693043
0.4333945430337318,-0.8681057854402902,-1.4212852111188725,0.9948322750679184,1.5114134427644228,-0.9052779020614986,-0.2585699003838536,0.7069819921919505,1.2285564470194281,-1.0306766747305625
0.08237802123924934,-0.29618299189417546,0.6315051169328237,-1.1639494635537864,1.625504498225474,-0.20968362780600336,-1.1682375017342774,0.9475961240390212,0.5513364485365632,-1.4518553263209364
0.4138936251562603,-0.986792944796672,-0.632481520247156,1.6023776623125805,-0.4566572639387113,0.8596423746987726,-1.2535188393608796,1.235935432248995,1.3414264467665722,-0.6363363053301719
-1.477695408958449,0.4375152477490214,-1.6588766842730038,0.3424929793203613,0.36099530019882253,-0.6429446303915346,-1.3672272895296826,1.0370549536285405,-1.5555702134101266,0.6217535640413363
0.3358899536463753,-0.8826314539440588,0.9451258614962771,-1.3107005924585677,1.6159969102703866,-0.22053048258140198,0.6416219967858371,-1.0719609199018785,-0.39865271600189955,1.2246106587728607
-0.7074091527983355,1.0998566376771393,0.8120746365299635,-1.5590329389704958,-1.3408629437618587,0.9444445856420283,0.08255545012255554,-0.44052301966334617,-0.37984104937737556,0.7216123510583675
0.716157852257064,-1.276753661541964,0.7930673186776332,-1.3538085015898143,-0.7418849025913394,1.3968947085561954,1.6934251608472646,0.14340261853898642,-1.2922068806667906,1.0543046394804894
0.26763674107522606,-0.7321155131651704,1.5058417381400275,-0.39547119990727586,-0.6943469628159015,1.1800027048170627,-0.9692477139388721,1.2127297243757553,1.6424131127589563,-0.04177819652654424
1.3304367653974079,-0.6441635251033142,1.5818710095493498,-0.2662397189261189,1.3307692716177584,-1.0062754111590377,-0.6470737717939303,1.2245636862230997,1.444890613201454,-0.38567376550386523
-0.9024183315730476,1.4934760160223224,1.3822941720998791,-0.6275223174992987,-1.1507111846601066,1.281820754014482,-1.679925527493891,0.07522535483301995,1.153309780521332,-1.1364648458797821
0.10187893911672058,-0.30758733363587154,1.2207319703550696,-0.9534576129379886,-1.5975678185492241,0.21385776565086495,-1.01662623484254,1.4773485755493156,0.16569728273382128,-0.40116095582184014
-1.350939442754886,0.979983659128515,1.011651473979434,-1.3682029154639452,1.0740643968303931,-1.4339516192128527,-1.5946441898672887,0.35249129947543417,0.7770764480308516,-1.3601011227896618
-0.26863850055523286,0.5544791675937295,1.04016245075793,-1.3242446817654958,1.2261858041117946,-1.2443932050760564,-1.2819459519030802,1.0454302943896345,0.8899464477779964,-1.22015361032842
-0.5904036455335081,1.310350674875454,1.1351990400195824,-1.1192325646635066,0.4941015315700489,-0.9945450303782127,-1.291421656083814,0.8988408620836628,0.965193114276092,-1.1405542164960814
-0.5319008919010944,1.2703045071351247,1.60087832740168,-0.1831702622981814,1.749103141641613,-0.06075103012948591,0.17731249192989146,-0.43711794837483003,-1.5461643800978646,0.6740756971478932
-0.45389722039120933,0.8913100617985175,0.30838071344320483,-0.7034629551636378,1.6730424380009121,-0.19784987812636395,1.1248829100032496,-1.4131179610644817,0.2033206159828691,-0.5408259521975489
1.4376918137235,-1.0117070424783885,0.5364685276711713,-1.4085884694589907,-1.4359388233127348,0.7149030374908723,-0.9787234181196057,1.603475417291801,0.4008431155403716,-1.0237836928733652
-0.0736293217805204,0.09228199975698599,-1.1836937379647412,1.1510449154301865,-0.9035138978278289,1.374829322327168,-1.4430329229755512,0.8182358509944493,0.12807394948477296,-0.4517997509259222
1.691203746130626,-0.028613586588463417,-0.8225546987704612,1.5499752623032466,-1.160218772615194,1.1854745635934845,0.035176929218887695,-0.2423670322308504,-0.47389938249999547,1.1156892438973438
1.4474422726622354,-0.6116663207006998,1.268250264985896,-0.8981083632148005,-0.18093721324117112,0.32740701874486805,0.6037191800629028,-1.1918572781978671,-0.6620160487452359,1.4425719235424577
0.696656934379593,-1.4727680786649644,-0.5564522488378338,1.2602836193515057,-0.31404344461239725,0.8499761512940291,-0.1827642669379848,0.27801228845004117,-1.1323077143583362,1.0797382588652895
1.730205581885568,-0.04799276651374105,0.6885270704898151,-1.3016806766991869,1.0360340450100427,-1.35723139673701,0.5089621382555666,-1.1044202684828421,-0.4927110491245195,0.9784733883706571
-0.765911906430749,1.3900603735021113,-1.364263257561881,1.026520821162408,0.7317912304472391,-1.286895802476757,-0.34385123801045575,0.8973900756421984,-1.6402227132204847,0.427201892458374
1.096425750867753,-1.2149801373746445,-1.6493730253468388,0.6037082544203018,1.197663040246532,-1.1994231541624558,-1.4904114438792193,0.49950575755096527,1.56716644626086,-0.33218903242655556
0.647904639685915,-1.0571804661025956,0.41292096163102265,-0.794371003461027,0.2278890688275964,-0.7299764476653192,0.1394096752069571,-0.1929650185935408,-0.2669710496302313,0.4356717377748199
1.7204551229468323,0.11432517344390326,-0.10027662038190116,0.17063334441441905,1.0645568088753052,-1.278434683271175,-1.0924318682884087,1.161210408469166,1.0310339474619257,-1.2539162233204408
1.0184220793578684,-0.9737069549892964,-1.2502193504478978,1.1055803907548023,-0.39010414825309814,0.9206240479128767,0.20573960447209236,-0.4181944709513431,-0.10707188332177714,0.29618855077058864
-1.6434532109169544,0.3066573920544754,0.9166148847177821,-1.5312945719596893,-0.5041952037141493,1.1523056205307276,0.27206953373722714,-0.41111979320664427,-1.5931935466591747,0.4088629437497987
-0.5416513508398301,0.855565669375474,1.1542063578719133,-1.226790266961783,-0.32355103256748496,0.7943256714993114,0.25311812537576023,-0.6964544323491196,0.28797311579322715,-0.7157472374191683
-0.11263115753546289,0.3788607477573238,1.2397392882074005,-1.1274346357979381,-0.9510518376032667,1.3096857469695804,-1.111383276649876,1.3145159746675745,-0.3892468826896374,1.0027027346831818
0.8916661131543056,-1.2823779804884086,0.14681851169839535,-0.5431139308432692,-0.874991133962566,1.3808203530536085,0.39525368808676375,-0.9711636908084638,1.2379622803316899,-0.9820832580687003
-0.9316697083892546,1.4075194241502071,0.013767286732081833,-0.26077407916298934,0.38951806406408546,-0.8265881967243263,-0.05010440840771452,0.10587048336531599,0.44787228210168134,-1.2328041893871697
-0.9121687905117833,1.4603994437558785,0.23235144203388292,-0.5969691912757725,1.3687996234381088,-0.828773013974211,1.086980093280315,-1.4744658787342362,0.29737894910548907,-0.47095103906623575
0.15063123381039858,-0.5012317596576248,0.6980307294159803,-1.243470169639392,0.4085332399742607,-0.9184879155746793,-1.064004755746208,1.1949167486551509,-0.7842918818046418,1.544651906524332
-0.4636476793299451,1.127448902076164,-1.734905955682326,-0.2126145107063728,0.16133595314198299,-0.32603065252454166,-0.1543371543957839,0.18019973686139604,1.5859781128853845,-0.26062848149505086
1.4961945673559134,-0.5557659712121283,0.8690965900869554,-1.1901974275217826,-0.39961173620818563,1.043460997231627,-0.7513065177819997,1.4850071420443265,0.10926228286024893,-0.048786362971570706
1.0379229972353394,-1.306611238149441,-0.7180144505826433,1.254262127274071,-1.5785526426390488,0.46367947001260007,0.12045826684548991,-0.4282160195691694,0.9181639477147815,-1.3115570983943012
-0.23938712373902588,0.4762094152386887,-0.20481686856971926,0.3011259102469941,-1.49298435104326,0.5810463241223145,1.6081438232206624,-0.27220169586726733,0.7676706147185898,-1.4156909602896637
0.23838536425901932,-0.5735586629616299,0.8881039079392856,-1.2307096527179493,0.8268671099981155,-1.3772763802618424,-0.7986850386856678,1.3813391103416677,-0.06944855007272882,0.10588286477667401
-0.8146642011244271,1.505226475158492,-1.0506425129984274,1.1908264058804257,0.42754841588443615,-0.6284178318966044,-1.082956164107675,1.3861024720059085,1.0686572807109738,-1.4109494413986263
1.1451780455614315,-1.26248166233565,1.4868344202876973,-0.48719858029602414,-0.656316610995551,1.32740966694691,-0.38175405473339014,0.9330669996146649,-0.34221771612832746,0.7595887847500037
0.004374349729364345,-0.11788680714788306,-0.746525427361139,1.6048528240659603,-1.2267718883008074,0.9974455182714299,-0.997674826481073,1.428834015654155,0.3632197822913235,-0.9120793981187771
-0.49289905614615187,1.2186399947282023,-0.043254666824909783,0.26205632765829634,-0.8369607821422155,1.3132082584120448,0.07307974594182207,-0.278854603162659,-0.991220214674406,1.544171086835704
-0.5514018097785656,1.054173346546264,-0.889080311253618,1.4769178712809587,-0.6468090230404635,1.393070327152153,1.0964557974610492,-1.0830256666079214,-1.7436868796553668,0.11118588898772964
0.901416572093041,-1.5777799906792211,0.27986973666470916,-0.7805879226347597,-1.6260905824144867,0.1530644148727657,1.6460466399435967,-0.4731425350106001,-0.3140002161915413,0.5898360831236628
-1.6337027519782188,0.6383271389792055,-0.17630589179122333,0.43809775918495536,-0.2855206807471345,0.6601654472855081,-0.36280264637192294,0.7735297723813387,-1.6778460464695326,0.20980431570084582
-0.0248770270868424,-0.08711415022088152,1.2872575828382267,-0.9599600990228315,-1.5595374667288735,0.32816119419063233,1.5891924148591954,-0.48278746237699793,0.7488589480940654,-1.293153348513444
1.057423915112811,-1.3527765959175575,-0.014743690046414099,0.07898883630719844,-0.5802559073548502,1.263074515630511,-1.1777132059150113,1.1222888117349572,0.5701481151610874,-1.0857777519670833
-1.1071779692864958,1.3837552635073838,-0.2713424810528763,0.7783230877719131,0.37050288815391025,-0.840532568949123,0.5563406591592349,-0.8646555665427332,-0.2951885495670175,0.569746392236777
-1.4191926553260352,1.0089451485829892,-1.5353291182328554,0.4257361214088821,-1.7116588740102752,0.1985518834508187,0.7269033344124394,-1.2981374918154236,-0.5679577156226157,1.127832543694331
-1.604451375162012,0.3468611489371542,-1.4878108236020293,0.4733330768181959,-0.06684615778011951,0.1531669215664882,1.551289598136261,-0.38957581857483414,0.9087581144025196,-1.1399670364271788
0.7649101469507426,-1.4079399537074715,0.1373148527722302,-0.4081956954869896,-0.7133621387260767,1.3488230768603588,-1.3293244728067484,0.9012764333757698,-0.5021168824367817,1.0887334442160888
1.4669431905397063,-0.598365794214492,1.0971844043149213,-1.0700856873281124,1.235693392066882,-0.9900881966922449,-1.6894012316746245,0.061659338500262555,0.8052939479676378,-1.1016185579791031
0.472396378788674,-0.8596576745247259,0.36540266700019647,-0.9723633988190078,-0.05733856982503178,0.17010448587841737,-0.5807438425287952,1.3080723986023055,0.6453947816591836,-1.211960068177103
0.03362572654557134,0.053157509687433054,-1.3832705754142114,0.9588698410012931,-1.0461277171541428,1.0739170153295177,-0.43860827981779144,0.9585093593420647,-1.4427002136629825,0.5109286408737916
0.5308991324210875,-1.0164709491736539,0.67902341156365,-1.2250436546614676,-1.3503705317169463,1.0534007871604105,0.8595631929427094,-1.3561362161275943,1.4825139464505022,-0.5079050269451926
0.677156016502122,-1.5256425959556215,0.2608624188123786,-0.6876933445838052,-0.2094599771064336,0.5355508314894871,0.4236808006289646,-0.9987235875494097,-1.4332943803507203,0.7611419927277332
1.359688142213615,-0.9317549245530389,-1.2407156915217326,1.1892631916302818,1.5779665584500362,-0.4772840057297288,-0.6944522926975983,1.4110363850710768,1.6706306126957424,0.028349017563172558
1.28168447070373,-0.9062240130389145,-1.7158986378299956,-0.11861578862489458,-1.312340179896596,0.7921509069954071,-0.6091709550709962,1.1625467470718893,-0.8407268816782141,1.6821377265214943
-1.1266788871639668,1.6161158134651743,-0.7655327452134696,1.3236397225048653,0.08527524950128207,-0.20596128293873142,0.19626390029135865,-0.43603607039241854,-0.953596881425358,1.6976253118262394
-0.04437794496431365,0.08465604047249911,1.002147815053269,-1.1359494133853303,1.169140276381269,-1.361321948777371,-1.6704498233131573,0.13879394609519133,0.2691614491687031,-0.7863803560214384
-0.09313023965799164,0.185596620327994,0.28937339559087427,-0.6723076077528657,-0.00029304209450633747,-0.15703743986168656,1.2006885434491184,-0.929945715851928,1.1627156138335937,-1.118506230977653
0.803911982705685,-1.3718277461855257,-0.9461022648106096,1.2028725530784607,-0.1999523891513461,0.3546678981844088,1.5702410064977286,-0.34740532554901776,-0.22934771638118326,0.6406007451728862
1.554697320988327,-0.5140829754171781,-0.13829125608656248,0.5228740656781259,0.5511470593005748,-1.4079457997943456,1.5797167106784615,-0.37333882999589263,1.6047897795099082,-0.20641116860766168
0.40414316621752455,-0.6685023007925226,-1.696891319977665,0.2423672377369043,1.0075112811447802,-1.3840772592510258,0.49001072989409966,-0.714443606817347,-0.003607716886895054,-0.22203041752622177
0.17013215168786983,-0.30461093342796014,1.2587466060597308,-1.0518343541878135,-0.08586133369029474,0.3608292082189045,-0.23961849202238636,0.596615994227259,-0.1729127165076114,0.5346885534778669
-0.6976586938595998,1.2695116014605983,-0.062261984677240326,0.04540843572083744,-0.16192203733099567,0.37973927300252325,0.10150685848402272,-0.23218942471840937,-0.7372627152433316,1.6488008405492973
1.505945026294649,-0.31602257266392925,-0.9746132415891052,1.4957852163952317,-0.7609000785015148,1.2866220894025282,-0.13538574603431697,0.1919963215229616,-1.3204243806035765,0.8581623046608532
1.154928504500167,-0.9618075387246675,1.1922209935765737,-0.9575879123575871,-1.3884008835372965,0.6503515667985135,-1.6988769358553582,-0.1901789057233152,1.1062806139600219,-1.0865788020984835
-0.005376109209370902,-0.11211575647139814,-1.0791534897769233,1.4340082704231076,-0.6658241989506388,1.1000901667156855,-0.26804560456458704,0.6685039787546508,-0.050636883448205265,-0.13870025594358712
-0.3076403363101751,0.8336313904484143,0.03277460458441237,-0.05998634982971607,0.19936630496233343,-0.36185655870602673,-0.5712681383480618,1.1266835184466617,-1.0664668811725022,1.1970454701861177
-0.5123999740236231,0.9173800283285928,1.4773307613615316,-0.5747462046871746,-0.4281345000734486,0.8958513267300817,-0.9881991223003393,1.1989675903114805,-0.4644935491877336,0.988016451183981
-0.15163299329040514,0.11576091914148862,-0.927094946958279,1.5627504311557723,1.5494437945847732,-0.4768665646896615,-1.1208589808306095,1.1853920908689504,1.5107314463872887,-0.35457073368348035
0.989170702541662,-1.0428897594958606,-1.14567910226008,0.9747135707106669,-1.5310147028636105,0.5022928872519472,-1.5567413731443545,0.5811412379193492,-0.18231854981987328,0.17352778248966272
1.028172538296604,-1.2204687567175658,-1.6208620485683432,0.4331638317898878,1.5684589704949488,-0.475491716054894,1.6270952315821299,-0.22518225852258408,0.8993522810902578,-1.4576347013555748
0.20913398744281234,-0.769933143749554,-0.11928393823423195,0.3170076815899465,1.0930795727405682,-1.3634772988876573,-1.3198487686260147,0.7210111954717544,-1.4803235469120306,0.9130208002283438
-1.6142018341007476,0.47071950302296184,-0.08126930252957086,0.22782517411362882,-1.2933250039864206,0.9388005534037261,0.5184378424363005,-1.2248959761250757,0.7018297815327554,-1.4184201465308997
0.49189729666614507,1.1419695172119413,-1.582847412863682,0.3480169769929729,1.7395955536865255,-0.0027355059509769197,0.527913546617034,-1.1569795617748122,0.5795539484733494,-1.3626109903272952
-0.6586568581046574,1.2273251248733326,0.9071112257916164,-1.1203345644449345,0.760313994312502,-1.3715780994725888,-0.40070546309485705,0.8224734074026133,1.04984561408645,-1.3043431824528047
-1.3314385248774148,1.0291608319637349,0.051781922436742914,-0.024581467169335916,1.4638755029889847,-0.5153466966140565,1.5323381897747936,-0.29621520835463405,1.2567739469562142,-1.040050202219163
0.96966978466419,-1.5119899166349857,1.543856373844689,-0.07578964272138909,-0.6848393748608137,1.2690457584395674,1.6649980483050641,-0.21364685368904632,-1.4991352135365545,0.6367954658165647
1.3889395190298215,-0.8588348873409205,-0.2998534578313717,0.40548386259478236,1.2832313318423205,-0.9559574056238838,0.6226705884243697,-1.145106285648199,0.41965478216489466,-1.0925851182706574
0.550400050298559,-1.2185897968299668,-0.10978027930806655,0.34964782046309534,-0.9605594255583544,1.4421113952788416,1.2196399518105856,-1.067522829690037,-0.09766605000951524,0.06299474214525332
0.667405557563386,-1.403466815074496,-0.7750364041396348,1.4294820413786116,1.587474146405124,-0.4551528082050738,0.3289237588216287,-0.807577941399903,-0.2857827162547556,0.7999439919077366
0.940418407847984,-1.560529022276921,0.07078924028907321,-0.3576607606713955,1.2547085679770575,-0.9237689477489542,0.9448445305693116,-1.3240670012049887,-0.1446952165708252,0.3411149513890092
-0.6684073170433931,1.4988902410036862,-0.29034979890520657,0.7510675253420899,-1.6355981703695743,0.20847773856653873,-1.3008973602645475,0.9222189652692421,-0.4550877158754714,1.0556098557547546
0.618653262869708,-1.4017114597118316,0.8025709776037984,-1.5282047081850025,-0.07635374573520726,0.563871867495266,0.8121846720390415,-1.4067818518547746,0.03401561636215302,-0.3452198921701173
1.3109358475199369,-0.9859320477722014,-0.6134742023948255,1.092087789758826,-0.7704076664566023,1.449718602463741,-0.3722783505526562,1.0733635699998203,0.8429172812166859,-1.3057743377885842
0.3261394947076396,0.338504664916736,1.363286854247549,-0.85307575819312,1.311754095707583,-1.1227482000023112,0.04465263339962117,-0.08212394836427543,0.5607422818488256,-1.064810233559909
1.6229505335594765,-0.2910170540699317,-0.3853863881668593,1.3145575704711876,1.140617512516006,-0.984823963810568,1.3996783312445236,-0.6563936930338593,0.6171772817223974,-1.2657043712084173
-1.7214568824268393,0.247861218738269,-0.09077296145573602,0.07729661411602494,1.0550492209202178,-1.3625125479847162,0.44263220899043204,-1.0781001469516251,-1.4238885470384586,0.8522441644883377
-0.7171596117370711,1.409949171517745,-1.3357522807833853,1.1743539490750032,-1.4454464112678223,0.582465183911478,-1.5283142606021536,0.4809894510414983,0.41024894885263324,-1.207338027668741
0.3748917894013178,-0.9705161607299521,-0.6799998148779822,1.2212883008284454,-1.4169236474025595,0.6275076312002348,-0.7039279968783316,1.4659403777992517,0.2785672824809655,-0.7514011472410809
-0.7269100706758068,1.8942945302276124,-0.4804229774285117,1.0147932301479925,-1.188741536480457,1.1869500194833464,-1.1871889100957447,0.928605496392393,0.4384664487894194,-0.9961637270494875
-0.6489063991659219,1.3686485131908177,-0.42340102387152007,0.7449204758765138,0.2564118326928586,-0.7347661745897621,0.9164174180271107,-1.5119249763406644,0.4666839487262051,-0.8893026930586736
1.5644477799270629,-0.3961824913197853,-0.8700729934012874,1.5910083085449147,-1.4074160594474718,0.6076221166995883,0.7458547427739063,-1.2106478464014183,-1.3392360472281004,0.9281181505885102
0.3553908715238466,-0.8597153993934705,-0.7940437219919653,1.431962220070136,0.836374697953203,-1.377601221717005,0.6510977009665706,-1.665472634671195,1.5953839461976465,-0.422674602950928
-1.5751999983458052,0.3835496287222878,-0.4899266363546771,1.1365449870508757,-1.2552946521660702,1.0158970873671165,1.4754839646903923,-0.5589096321174158,-0.5397402156858297,1.2035040222317692
0.950168866786719,-1.5873577939967003,-1.7063949789038304,0.035031214475390655,1.1596326884261816,-1.3660238863478078,0.546864954978501,-1.2318774886506947,-0.878350214927262,1.5749247804391424
0.9989211614803974,-1.4513576548608562,0.17532948847689128,-0.2472844322947655,0.7222836424921516,-1.0759158535123179,-1.452508627156285,0.6569988616065221,-0.7090452153065459,1.4827668807458638
-0.9219192494505191,1.440161598004013,-0.5184376131331728,1.0855635332190439,-1.3979084714923842,0.6059669721475521,-0.1922399711187183,0.44983787966771,-0.1917243831321352,0.2736207228395311
-1.0584256745928176,1.101102201876653,-1.003124218367601,1.0922459096364348,-1.378893295582209,0.7620390671575173,-0.3154241254682549,0.8454727162905764,0.5983656150978737,-1.1943216815311928
-0.7464109885532777,1.3839206410310931,-0.2808461399790414,0.7045576864930125,0.9029278136388159,-1.541415907880943,1.5133867814133266,-0.4060210339885576,0.35381394897906115,-1.119838109275953
0.25788628213649034,-0.7799928507317937,-0.6609924970256517,1.2131677653694302,-1.1126808328397562,1.1645538880501682,0.8879903054849103,-1.2981549725018866,-1.5837877133469127,0.505013683327092
0.3066385768301688,-0.635938390407176,0.4319282794833532,-0.9219626767380811,-0.21896756506152135,0.5384691351874593,-0.8365878554086018,1.3505473642792494,0.6736122815959693,-1.5530760623936737
-0.21988620586155463,0.2735270206384439,1.1447026989457476,-1.1407936370495453,-0.4946876157590618,0.9239112176776981,1.3712512187023227,-0.72271293247305,-1.01003188129893,1.4160942069624918
1.3791890600910859,-1.018646012352455,-0.6419851791733212,1.1370949910397563,-1.2743098280762455,0.9926331361934031,1.2385913601720526,-1.1072707892508935,1.275585613580738,-0.8642922314001726
1.174429422377638,-1.1997859548130834,1.5628636916970189,-0.24458012649163213,-1.0841580689744932,1.3956544455954587,-0.4765110965407258,1.2075250551996344,-1.0852785477970264,1.3733780945023335
-0.0638788628417849,0.006261044134916475,1.4488197845830362,-0.5555850242698661,0.31345736042338457,-0.8201352227161345,-0.8839663763122699,1.294736639684471,0.39143728222810925,-1.05749353614409
-1.0096733798991395,1.336648111947025,-0.005240031120248462,0.09847638369309183,1.0455416329651301,-1.387750140519382,0.30049664627942807,-0.7988923446702463,1.134498113896808,-1.3311877796444294
-0.21013574692281914,0.3646875209419946,0.9356222025701119,-1.2780148762811574,1.5969817343602115,-0.3435317432646508,-1.405130106252617,0.6805784087408999,1.5483547796363364,-0.4850925037875663
-1.2436843944287943,1.273683119868624,1.5153453970661928,-0.20959563587405605,1.6825500259559996,-0.22228050989761627,-1.045053347384741,1.3363104026935282,0.09045061623572488,-0.19768684410470658
-0.6196550223497148,1.4936635713600386,0.6505124347851541,-1.232550376031233,1.0835719847854808,-1.3425391937093494,1.409154035425257,-0.9835768846218571,-0.24815938300570728,0.48227782221017856
-1.5459486215295983,0.8659240910558728,0.18483314740305667,-0.3556650349412018,-1.283817416031333,0.8602537776658428,1.0775043890995817,-1.266263521275478,1.6236014461344326,-0.0034603732887586616
-0.4343963025137381,0.8297590018546076,-0.8985839701797833,1.4515011486592038,-0.1143840975555577,0.6109643514821441,-0.4101811672755908,0.7306794567252497,-0.23875354969344564,0.8013668637686867
0.521148673482352,-1.3053615256729953,1.2017246525027394,-1.2729595193175052,-1.2648022401211576,1.2754151291101725,1.6365709357628633,-0.18536487771598886,-0.972408548049882,1.2086183507593717
-0.7854128243082203,1.6233379626782016,1.5343527149185234,-0.2988759572937054,-0.6373014350853758,1.146658227135246,1.5228624855940602,-0.27801613102355216,0.02460978304989088,0.07808808851274
-1.7604587181817817,0.04235903810091076,-0.19531320964355386,0.4673346732712995,-0.02881580595976906,0.052281600924510875,-0.6755008843361311,1.3231950073805947,1.6518189460712183,0.1131459136845986
0.7064073933183285,-1.3884574006750456,0.5269648687450057,-1.2992287021675488,0.9219429895489913,-1.246281993688577,1.1438343183647168,-1.0413398745119362,-0.6432043821207118,1.374585251483445
-1.048675215654082,1.4533991088237088,-1.6683803431991693,0.11953022782187268,-1.3313553558067708,0.832982927258295,-1.613595598228756,0.4233460279076887,1.3602381133910961,-0.8960272503555032
0.852664277399363,-1.4558185633491048,-1.402277893266542,0.7318900768923218,-1.5119995269534354,0.6258632916330668,-0.9029177846737371,1.3040909628063058,0.4760897820384675,-1.4053979202210236
-0.4831485972074164,1.0663109386213316,1.6864112577371673,-0.03778578950389881,-0.751392490546427,1.5156404064079674,0.14888537938769056,-0.40160310991335046,1.4542964465137165,-0.5775872983658645
-1.1949320997351163,1.2676272633739183,-1.3262486218572198,0.9447666492689235,-0.15241444937590792,0.46724735933462336,1.3333484019793882,-0.7968804678823685,-0.7184510486188079,1.6261469685727643
0.27738720001396155,-0.808652432838153,0.4509355973356835,-0.9804312044640205,-1.0556353051092304,1.0718291728650229,1.2101642476298518,-1.1128767672370696,-0.3516235494405894,0.7247916219250656
0.7551596880120065,-1.2722278815334576,0.5649795044496667,-1.1890536321356548,-1.207756712390632,1.027844195923789,-0.1732885627572511,0.8237192573073207,-0.27637688294249346,0.46733745295250767
0.823412900583156,-1.2608462595444756,1.078177086462591,-1.2332915072288262,0.18035112905215822,-0.28533587348741973,-0.0690558167691817,-0.05715842484701057,-0.3234060495038034,0.6225511191909883
-1.4289431142647708,0.48833297251867336,1.6769075988110023,-0.2088280099531047,0.6081925870311002,-1.3703639161131127,0.9258931222078447,-1.378696423632068,-1.6025993799714366,0.6247483392344606
0.930667948909248,-1.294138946032108,-1.411781552192707,0.8968603624147644,-0.4091193241632734,0.7895543582484016,-0.8176364470471349,1.52670261663118,0.48549561535072944,-1.0679714386461134
-0.28813941843270413,0.5611983891457436,-1.2977376450787241,0.9264865524642072,-1.4834767630881727,0.6586604828222836,0.2625938295564937,-0.7470999792024288,-1.047655214547978,1.2885290758992347
1.408440436907293,-0.9493116347339592,-1.3547595986357157,0.6834934117138888,1.1025871606956557,-1.2547787418944143,-1.338800176987482,1.026273127284831,-0.7278568819310699,1.5792902721082354
0.24813582319775482,-0.3868345929796978,1.410805148878375,-0.6967775120430902,0.06626007359110683,-0.11437765577534975,-1.1303346850113432,1.5248916707989078,1.0404397807741876,-1.176020738216077
0.5894018860535011,-1.5385372495661256,-0.24283150427438033,0.49974146636845035,0.03773730972584436,-0.09129291501002423,0.12993397102622337,-0.055378572982924035,0.17510311604608292,-0.7413857824882695
-0.39539446675879586,0.881146864356752,-1.2122047147432369,1.2402204249684659,0.23739665678268365,-0.811983993707586,0.4047293922674977,-0.7187875805395227,0.6265831150346594,-1.3390602237044065
0.18963306956534132,-0.5836433247210351,-0.18580955071738872,0.5311682475349473,-0.4376420880285361,1.1096316216635014,-1.6041198940480221,0.566116995565876,-0.44568188256320956,0.8282253792936731
-1.526447703652127,0.9019267935177399,-0.3758827292406939,0.9800531473326001,0.8934202256837284,-1.5433616919235598,0.5847677717014353,-1.0957908094823905,1.6141956128221706,-0.18250159866200727
1.2719340117649944,-1.0996200405721883,-0.594466884542495,1.1641343148551753,-0.6087786712201132,1.232567848613939,-0.031153000046247086,0.1671887077676442,-1.7154693797185807,0.39057753455596506
0.6089028039309725,-1.3277406569121948,0.7075343883421459,-1.034869548042112,0.3039497724682971,-0.5623146211674857,-1.5662170773250879,0.19535808478171307,-0.8501327149904759,1.4345181540756273
-0.3661430899425889,0.908712906534491,0.8310819543822943,-1.4806607086457921,0.4750863556598739,-1.0209427310185897,-1.6230713024094894,0.3995831603809528,-1.6214110465959608,0.4299304992068486
-1.779959636059253,-0.08952917099766193,-0.7560290862873043,1.7132355862285622,-0.36158138438783544,0.9807961493903408,0.5752920675207018,-1.1499786019354243,-1.1793368809196463,1.2030952574123173
0.04337618548430684,-0.4507760146616283,1.3727905131737141,-0.5517948037415655,1.3783072113931965,-0.7634088730814619,0.23416671701429254,-0.6122520031899843,-1.1229018810460742,1.3843446632741268
-1.4484440321422423,1.1345356287385224,0.7265417061944762,-1.2147781101864228,0.29444218451320936,-0.8837074848815785,-0.8744906721315364,1.3499093332521488,1.2191506137071662,-1.0128062404813192
-1.5166972447133915,0.4951807467397119,0.7740600008253025,-1.3260420251979004,0.4180408279293482,-1.1218482054866055,-1.244043135180146,1.2288739092662397,0.07163894961120085,-0.18529272504803562
-0.3173907952489109,0.6386427334014778,0.9261185436439467,-1.595146734631715,1.359292035483021,-1.0488513153653696,-0.9218691930352043,1.5943665408466166,-0.3045943828792794,0.6708988328003358
1.203680799193845,-0.9888115014012978,0.11830753491989968,-0.24217298629375383,0.35148771224373504,-0.8800221352477998,-0.5523167299865945,1.2409658988688037,0.34440811566679924,-0.8168307359284079
1.5449468620495914,0.08890256935450103,0.8786002490131205,-1.1445372907259093,-1.1792339485253693,1.2359513066438046,-0.20171567529945225,0.5208612206045684,0.880540614465734,-1.3824637691691992
-1.7507082592430463,-0.09979958024770111,-1.7444096146084915,0.04816802087722925,-1.1316960087499313,1.3575948721123547,-0.8934420804930036,1.0152653428893812,1.5765722795731225,-0.3030574662585604
-1.4386935732035064,0.9867467409967577,-0.43290468279768546,0.9737303014384993,1.0170188690998678,-1.3561343316077417,0.840611784581242,-1.5537095315794751,1.435484779889192,-0.3246298505040918
-1.555699080468334,0.6579844070455327,-0.6990071327303128,1.2422277389281662,0.6557305268065382,-1.48539356895949,0.4521079131711653,-0.8961099955825922,-1.3768593804771485,0.7795168039730236
-1.4874458678971845,0.7606626116806776,1.4298124667307055,-0.6749688512686445,0.6747457027167136,-1.3542073351297936,0.7837575594968407,-1.183029719938347,-0.6996393819942838,1.2255639580862496
1.106176209806489,-1.1688348843794438,1.667403939884837,0.10862697033101527,-0.9130214857829164,1.3831854783132176,1.6839494566665312,-0.09713337383349951,-1.6308168799082225,0.36093298420715336
0.07262756230051359,-0.09743385548957732,-0.7370217684349737,1.4079333894681354,0.009214545860581154,0.03994316239251169,-1.357751585348949,0.876646612862384,-0.7466685485555937,1.279710433156883
-0.6781577759821286,1.438283539109605,-1.6778840021253345,0.07581940104410023,-0.7894228423667777,1.3643205720900118,-0.9123934888544707,1.4259937998061303,0.3726256156035852,-0.9167180330929362
0.17988261062660557,-0.27476226485805955,1.0211551329055992,-0.9977885077674524,-0.6277938471302883,1.306173208883616,-0.01220159168478039,0.12670057746989713,0.8617289478412097,-1.6577909591547628
-0.27838895949396864,0.7331930132733065,1.4963380792138625,-0.3881777394568893,1.4353527391237217,-0.6229558404371647,1.3143969936179214,-0.9187808613595602,-1.724875213030843,0.4188780211443405
0.745409229073271,-1.420512952131999,0.783563659751468,-1.4553215780195898,0.4655787677047866,-1.0666909835502016,-0.6281223634324633,1.425432776937415,0.5889597817856113,-1.4645164382254618
-0.7756623653694847,1.3622494853646272,1.40130148995221,-0.5829174668222183,1.5209210307195102,-0.6460937071441835,-0.35332694219118926,0.9611186931879188,-0.5773635489348775,1.181656077787001
0.599152344992237,-1.2404347239266111,0.061285581362908056,-0.07560247846261027,1.5589513825398607,-0.5147145552045125,-0.23014278784165265,0.5589373751021494,-1.5273527134733407,0.9167221919020169
-0.8049137421856914,1.495627971777557,0.8500892722346246,-1.4184553784434157,-0.5897634953099379,1.3733590454124418,1.115407205822516,-1.4243458279202958,-1.4709177135997684,0.7492042933766908
1.301185388581201,-0.6294780509691242,0.4699429151880143,-1.1766225758940714,0.8839126377286409,-1.2980053249108918,0.8216603762197751,-1.5919691609607796,-1.0288435479234541,1.315887951652803
1.3986899779685575,-0.8226385458679423,-1.5543364360851861,0.4957010390989957,-0.09536892164538248,0.16863825715743552,0.8311360804005085,-1.275112077676022,0.42906061547715707,-1.1155149181631248
0.6284037218084435,-1.3542199077984403,0.39391364377869215,-0.7542919773469273,-0.33305862052257246,0.8221056078534231,0.7553304469546398,-1.4378726866233427,0.015203949737628984,-0.21908933613294054
1.4181908958460285,-0.6433952945466241,1.4678271024353664,-0.5423953242930956,1.701565201866175,-0.2416314259468593,1.560765302316995,-0.8390528027159982,-0.02241938351141885,0.06998273757233112
0.5601505092372946,-1.2837543346714468,-0.1287875971603971,0.01879856791625798,1.6920576139110874,-0.23440263539063744,0.16783678774915775,-0.481348400038463,1.4731081131382402,-0.6395374019266646
-0.40514492569753113,0.7676507157191133,0.9641331793486083,-1.2962395933225521,-1.1982491244355444,1.0619213489370896,-0.11643433767284979,0.4206984721181643,0.8241056145921616,-1.4687979452953008
0.2871376589526973,-0.90346070117724,1.1732136757242435,-0.9808517089849338,-0.03832339391485679,0.30180456854235305,-0.5428410258058608,1.2362310880272875,1.4919197797627646,-0.4623660934619576
-1.399691737448564,1.006021110824025,-0.6229778613209906,1.04146937351812,0.4845939436149609,-1.0427392075526638,1.1343586141839834,-1.3416000203708611,-1.5743818800346505,0.3637800090566642
1.2134312581325806,-1.2371694301754852,-1.4497961878973682,0.4167655573005279,1.3973223873033713,-0.6923204141501167,0.7742818553161072,-1.3621294182697838,1.181527280458118,-1.2286715894032372
-1.7019559645493683,0.33758408928902095,1.629389304180176,-0.34747098910468666,0.13281318927672,-0.2225538350345636,-1.0545290515654746,1.479077010936099,1.529543113011812,-0.28065387684106363
-0.0541284039030489,-0.10579028402675975,0.7550526829729721,-1.384130868267083,0.17084354109707048,-0.2947883002440772,0.9543202347500451,-1.5283029302547162,-0.04123105013594313,-0.06004703198546533
-1.7312073413655749,0.26146772179954697,0.3558990080740311,-0.8219599645552044,0.3229649483784723,-0.9313444922457178,1.1912128392683847,-1.2702313576370414,1.2943972802052623,-1.0289343763490504
0.22863490532028358,-0.6744968862569235,-1.0126278772937662,1.4602544830976047,-0.9320366616930915,1.374927771626723,0.7932332636775741,-1.6225328563033692,-1.000626047986668,1.2489587657777603
-0.3563926310038531,0.9957351108532986,0.47944657411417946,-1.1125148511272613,0.5036091195251369,-0.8523983908466128,1.0206501640151804,-1.0967250719916335,-1.2733952140422662,1.1703104704823555
-1.0779265924702888,1.486011480755523,1.2302356292812349,-1.120721471920058,1.1216023366058312,-1.4267064717026607,-0.9597720097581386,1.447660015887185,-1.7342810463431046,0.21692501326859767
0.7844110648282135,1.2891117002180024,0.8595929311607897,-1.3821825298556079,0.018722133815668892,0.04231641471949021,1.5039110772325932,-0.8687843461804099,-1.6496285465327467,0.5009683775702309
0.8331633595218915,-1.3527111442777542,-1.3167449629310548,1.0909339645497478,1.2071706282016195,-1.2849434347473385,0.4805350257133662,-1.0392786962563154,-0.7748860484923799,1.2378419756732648
0.9599193257254545,-1.1914249476060215,-0.7275181095088084,1.2427108667131523,-0.77991525441169,1.2691540203160885,-0.8271121512278683,1.4156883621103067,0.7958881146553755,-1.7666321054824121
-1.1656807229189092,1.1542951112116993,-1.3737669164880462,0.8601774172183166,-0.7323773146362519,1.4186400422041907,0.6131948842436362,-0.9911980040187812,-0.9441910481130961,1.5989795786970793
1.076924832990282,-1.322728622012198,1.296761241764392,-0.4597331164929556,0.38001047610899774,-0.6523866694293757,0.9827473472922464,-1.4235434636591418,-1.659034379845009,0.29262317938528554
-1.4581944910809777,0.9356016708666397,0.4414319384095179,-0.8577521259324056,0.5321318833903993,-1.3113953032645547,-0.46703539235999236,1.0001210761233872,-1.4144827137261966,1.0233033303631545
1.2426826349487874,-0.9439253830978598,0.9926441561271038,-1.1144361246119876,-0.4756724398488866,1.0364796482659162,-1.1587617975535438,1.3846916608162203,1.5201372796995507,-0.2718702954280782
1.486444108417178,-0.6890780936342138,1.3537831953213832,-0.7625075956022542,1.4543679150338973,-0.7532841067840228,0.9069417138463772,-1.4135879416879182,-1.2075543808564324,1.1267065971608912
1.5156954852333844,-0.786863367352522,0.32738803129553534,-0.8976985486058184,-1.1412035967050191,1.065792401719241,1.598668119039929,-0.26687827539732634,-1.3674535471648863,0.7458240286886382
-0.8536660368793698,1.4012449734512227,1.3062649006905571,-0.8593487124332123,-0.8179456062320402,1.4228589669951204,-0.7797336303242005,1.542743949819895,-1.2828010473545284,0.9741513907505867
0.2968881178914328,-0.6532968001767618,0.612497799080493,-1.2650954661949392,0.12330560132163253,-0.13598447000780145,-1.5472656689636206,0.30622360513129915,0.21272644929513124,-0.6158493795307693
1.59369915674327,-0.44454498021650685,-0.4709193185023466,1.1631846766628426,-0.3805965602980104,0.870269790555675,0.9637959389307785,-1.1404780569968225,1.3320206134543104,-0.8882014992030751
-1.0291742977766107,1.3533693395420532,0.15632217062456075,-0.4664676169987719,-0.3045358566573095,0.7762892394070011,1.4944353730518594,-0.5609289249017597,0.9463814476515682,-1.1657649789373057
0.44314500197246703,-1.0774190492308515,1.344279536395218,-0.6124214106545314,0.20887389291742092,-0.5777452072809739,-1.65149841495169,0.1934494068856001,1.0780631140232357,-0.9825014741264172
1.427941354784764,-0.7019383619639403,-0.7085107916564782,1.2821776461810153,-0.2665055048369593,0.8067611052315892,-0.8555392637700692,1.2970730086750755,-0.5961752155594016,1.4156479189124136
-0.6391559402271861,1.2395876797190613,1.619885645254011,-0.32488985251108354,-1.616582994459399,0.41529276078794825,0.6605734051473041,-1.4183802208673124,0.3350022823545371,-0.9312722712152801
1.5839486978045345,-0.29919673512236294,-1.1551827611862453,1.2874587698769933,-0.7989304303218652,1.3126089399066962,-1.4240815146140842,0.5758758782249703,-1.1699310476073843,1.1510875051748497
-0.4246458435750026,0.775164005363507,-0.8795766523274526,1.4272111234410658,0.28493459655812187,-0.7209003638944871,-0.44808398399852517,0.9726633383695977,0.8335114479044234,-1.4313632005135628
-1.65320366985569,0.41982181472100744,0.5744831633758319,-1.1033093325216095,0.5701622352107498,-1.270710706399179,-1.51883855642142,0.7463272261152705,-0.5303343823735676,1.0227760806257333
-0.5611522687173011,1.3128862833490982,-1.1646864201124103,1.226328821305462,-1.1697263605702817,1.2622809800971404,-1.1398103891920768,1.2307762526952244,0.005798116425366843,-0.08344625187018392
-0.9609210852054614,1.34733078904692,-1.7539132735346565,-0.02471882575030267,0.9314505775040789,-1.4515521908566433,1.6176195274013958,-0.133176509685282,-1.5367585467856026,0.4704000828581319
-0.13213207541293415,0.3460475495756458,-1.4973144825281945,0.48428150101318723,-1.3693857076271214,0.6277822389854919,0.3099723504601615,-0.7336263109293524,-1.3486418805403624,1.2567133669101254
-1.5361981625908627,0.4869563237946928,1.4583234435092014,-0.4808107681829636,1.4068299752584594,-0.8722451007894667,1.1533100225454505,-1.3511011670995599,-1.7530927129676288,0.2788863690300727
0.48214683772740957,-1.1709403495423463,0.6220014580066586,-1.267391109993504,-1.521507114908523,0.2904077279909143,0.7079519260509719,-1.469070621236484,0.1374797827970351,-0.4565977621005834
0.5016477556048805,-1.239337855769426,-0.07176564360340547,0.10710216483804416,1.3497844475279335,-0.9124836234481035,-1.2345674309994126,1.281030697449912,1.14390394720907,-1.0303128124055783
-0.3368917131263821,0.7702309437479566,0.02327094565824698,-0.13180923762670615,-0.9985897773787048,1.0311054802076371,1.1627857267261839,-1.430537113192279,-0.8313210483659519,1.4458816637916663
1.7009542050693613,-0.3098599602952469,-0.3473717524621979,0.8845875573736187,0.18985871700724571,-0.5097082358039483,-0.08800722513064889,0.14680355530793296,-0.0788543833849912,0.06355069241910816
-1.146179805041438,1.2198595680596032,0.5174612098188405,-1.1166658458334628,-0.9795746014685296,1.4405989269299195,-1.3956544020718835,0.4696987553363368,0.6548006149714455,-1.4191346050206868
0.3846422483400533,-1.086370932244074,1.1637100167980783,-1.04811370150055,0.788836758177765,-1.4527882589562147,-0.04062870422698105,0.25018548696912024,-0.8689443816149998,1.4865592887909256
1.68145328719189,-0.12660028855068853,-0.2523351632005455,0.8207565968618495,1.7110727898212625,-0.20163116455151117,-0.14486145021505045,0.571020194687419,1.397861446640144,-0.5597094981574011
-1.4094421963872998,0.7506630963771468,-0.39489004709302417,0.5999705282833253,-0.295028268702222,0.8188622961135037,0.4142050964482309,-1.368142914413249,-0.8595385483027378,1.5343915652485893
1.6132000746207409,-0.37535928299089,0.8405856133084595,-1.4242423505177892,1.3402768595728458,-1.0808419539553584,-0.5902195467095289,1.1619164040695726,1.2473681136439523,-0.9713315138213175
0.7356587701345355,-1.445758275476129,-1.1931973968909064,0.9420503357899501,-1.6926436981000998,-0.05330595171322857,0.8785146013041764,-1.4172448633936523,-0.163506883195349,0.38842125695411106
-0.5221504329623589,1.0474769730585969,0.16582582955072592,-0.4506830610113038,-1.2172643003457198,0.9024794839064691,-1.3103730644452813,0.9032853574641093,-1.10409021442155,1.3453008202401715
1.3206863064586725,-0.8923915499868506,0.22284778310771752,-0.7060719751810485,0.779329170222677,-1.2854857408351013,-1.0071505306618065,1.4791504208904627,-1.3016127139790523,0.8407907701545786
1.2914349296424654,-1.1882695547551794,1.1827173346504087,-1.1656641843022568,0.6937608786268886,-1.0691004025799622,0.2436424211950265,-0.5632249352760669,0.19391478267060672,-0.6621429934565399
0.11162939805545609,-0.3760419419090552,-0.33786809353603275,0.8649909693935702,0.7508064063574146,-1.465411888481995,0.2815452379179609,-0.7722324924669179,0.8711347811534715,-1.07899988826087
-1.2826862301837367,1.1418241503688946,-0.5849632256163295,1.2541126967845204,0.02822972177075638,0.12835689616809723,0.8027089678583081,-1.3122804426113461,0.38203144891584734,-0.9235412374522279
-0.5806531865947724,1.2680170431447904,-1.6018547307160125,0.4024717484004679,-0.2760130927920468,0.3434974186966488,0.3194480546408955,-0.6345129876646425,-0.3610293827528513,0.6248750524893614
-1.7117064234881036,0.0606913709385605,0.3749063259263616,-0.8661149528294516,1.4448603270788098,-0.8979233092231246,1.2954455852564544,-1.2124597782866666,-0.40805854931416125,0.9976525436643467
-1.0389247567153463,1.5312201265092795,1.3252722185428878,-0.7565084846147674,0.0947828374563698,-0.057930502221264196,-1.6420227107709566,0.15583389080832977,-0.060042716760467164,0.029313250256144546
-1.4971963268359203,0.8102411133538354,0.4224246205571883,-0.8358744279415721,-1.0080973653337924,1.3501279433079436,1.1059315016417826,-1.1576997208843876,-0.5209285490613057,1.19175666820864
1.1159266687452245,-1.101410871910274,-0.8320583576966266,1.3624810786583619,0.5986849990760127,-1.4332333200738923,1.2291156559913192,-1.239689911547774,1.303803113517524,-0.8911065495620056
-1.0681761335315532,1.381965517482595,-0.565955907763999,1.3433395293715604,1.6445196741356491,-0.17857912331497636,0.9732716431115125,-1.0673289132155892,1.6612247793834807,0.05411607993235546
1.0866752919290175,-1.3545779078515428,-1.1741900790385758,1.202141658740418,-0.8844987219176536,1.4150061344549576,-0.7418308136012661,1.5755263381543216,0.7112356148450174,-1.4358108758719619
-0.25888804161649714,0.5546287245706861,-0.9841169005152706,1.3686187586152823,0.5606546472556623,-1.07316760944325,1.4849596688711257,-0.7242753521679285,0.15629144942155915,-0.3763859106115088
-1.2729357712450011,1.0402187052647192,1.7054185755894982,0.08914155960179011,-0.35207379643274744,0.9456106069119915,1.6744737524857976,-0.07836426722807623,-0.9630027147376201,1.6375206703426248
0.6381541807471796,-1.295928740234893,-1.221708373669402,1.0706970367380702,1.1786478643363565,-1.265417977176014,-0.8650149679508028,1.3608156916445955,-0.6149868821839256,1.0989451890236184
-0.19063482904534787,0.2677243378328968,-1.5733437539375166,0.47390938962143536,0.8173595220430275,-1.371478356135635,-0.002725887504046675,-0.07062605577637769,1.19093311377038,-1.1575912616035984
0.774660605889478,-1.3744615784747187,-0.9365986058844443,1.5813386857054121,1.0265264570549548,-1.5304497313360783,1.4375811479674578,-0.7880849527076602,1.3884556133278823,-1.040616584430409
-1.3021871480612077,0.842682551705144,0.5839868223019975,-1.273696266623114,-0.4186269121183609,1.0385718893786948,-0.0974829293113826,0.18685892747986632,-0.897161881551786,1.6103662716801985
-0.7561614474920134,1.3311653671843573,-0.451912000650016,1.106372132666252,-0.1333992734657327,0.4896366779541283,0.47105932153263225,-1.1250000018714705,-0.9818143813621439,1.4868788699801894
-1.224183476551323,1.2637367844816003,-1.4307888700450377,0.8400494674625206,-0.922529073738004,1.4095880870634496,-1.38617869789115,0.7040777393712135,0.7582647814063278,-1.3571759588550456
1.047673456174075,-0.9530628209678534,1.0591697686102604,-1.392011727001174,-0.23798274097169658,0.5844446916766477,-0.2490941962031201,0.5200891952579031,-0.6337985488084497,1.4068548032694224
-0.9706715441441971,1.7149471479736045,-0.44240834172385063,1.041768175901697,0.9409581654591663,-1.2187811940911941,-1.7083526400360916,0.06583213897604391,0.9840047809006158,-1.3774768223060099
1.3499376832748788,-0.8180866758469271,0.6600160937113196,-1.586732333721504,-0.513702791669237,1.3458533286152143,0.5658163633399684,-1.0765739531645808,-1.2169602141686944,1.245300150695043
-0.03462748602557815,0.1788571733826825,-1.031635195146097,0.9903113137188301,0.14232077723180775,-0.5646756268901671,1.011174459834447,-1.1943030769066265,0.6642064482837075,-1.518557488282088
0.1408807748716631,-0.5509864740711431,-1.5068181414543598,0.5382996043191858,0.80785193408794,-1.240544879689006,-1.2724702477223468,0.7360464203770147,1.6330072794466943,0.03175962356322305
0.5113982145436166,-1.1728466905430586,0.9831404972009381,-1.4475444208836825,1.5019058548093351,-0.9817033286879986,-0.3912297589141236,0.94631914240272,-1.3580477138526246,0.7238541699910886
0.45289546091120203,-0.8171949274827363,-1.3452559397095505,1.1931275342824426,-0.7228697266811642,1.1781963852612236,0.38577798390603024,-0.6948542064339467,-0.7654802151801178,1.670982029495129
0.13113031593292734,-0.4554405157538037,-0.8415620166227917,1.4464251172572493,-0.25699791688187157,0.9457561969765684,0.006749816676686796,-0.03973650229386605,0.8146997812798997,-1.3222522487365171
1.535196403110856,-0.5740195928785731,-0.96510958266294,1.5571391702728266,0.9694809293244293,-1.3912388620873728,1.3522998103408557,-1.217181869017233,1.266179780268476,-1.0354318463759649
0.920917489970512,-1.3343322386392822,0.6410087758589889,-1.2382959563254494,0.4370560038395234,-1.0633812392788673,-0.21119137948018546,0.4194903507534479,-1.3956710471016722,0.8346049407346123
1.2621835528262584,-1.1480477160456186,0.00426362780591644,0.04771257591683116,-1.4739691751330852,0.45978097967448556,0.3478751671830959,-0.8857737532987943,-1.2545835474177425,0.979944340027549
0.05312664442304259,-0.3258735882563602,-1.0601461719245926,1.3431191010462884,0.15182836518689524,-0.2773591481398609,-0.7892093345049341,1.7302330079637076,1.2097447803949042,-1.0098572407092337
-1.5849504572845408,0.5564369708562978,0.6029941401543278,-1.139455206329493,-1.1031732448846685,1.2851635058336863,0.4994864340748331,-1.0963161423409689,-0.5491460489980916,1.2554384954216857
0.36514133046258207,-1.093994771518237,0.5934904812281627,-1.1477827623766783,-1.5690450546839612,0.1757197257515949,-0.6186466592517296,1.362585227101749,0.9745989475883539,-1.4054079214439492
-0.6879082349208642,1.1196994160216693,0.4604392562618491,-1.1123504436525784,1.112094748650743,-1.1940794764126748,-1.7178283442168254,0.08981537379520915,-1.4897293802242926,0.9005311117761655
-0.3271412541876464,0.7630427153868634,0.8215782954561287,-1.4265354806723591,-0.6753317869057264,1.3035325106002114,-0.656549475974664,1.4365270989436536,-0.03182521682368123,-0.3067352037536998
-0.08337978071925614,0.45388027023964034,-0.4614156595761812,0.8046618364507985,1.2166782161567071,-1.0879947199669195,1.4565325563289249,-0.6962116864500858,-0.21994188306892135,0.4963378406784612
0.023875267606835594,-0.31277941678721477,1.0496661096840951,-1.1975823314667087,-1.4644615871779973,0.5596956306305874,-0.07853152094991517,0.18119796851742376,-0.33281188281606533,0.989591823405273
-1.0876770514090244,1.3571563776721518,-1.2882339861525587,1.0676424118368568,-0.9890821894236173,1.2765915442091738,0.6700491093280375,-1.3070522471628203,0.5419306152243013,-1.2479432185403097
0.31638903576890404,-1.0766827791579796,0.21334412418155188,-0.43913203984187854,-1.302832591941508,1.1499810067792418,1.3428241061601223,-1.0992712987843445,0.14688561610929698,-0.29103369003121826
0.540649591359823,-1.1065904652832008,1.591374668475515,-0.02443533624779267,0.9504657534142543,-1.5201190595443126,0.016225520857420753,-0.33764898163176627,-1.4615118802875067,0.8016354065763057
-0.3856440078200601,0.7871765367192937,1.5723673506231846,-0.377402023948417,-1.6831361101450124,-0.10519276981986085,-0.16381285857651762,0.4066444511681388,-1.4521060469752445,0.6442196531640761
-1.3119376069999436,1.2025031618717141,-0.49943029528084226,0.9261112051721485,1.4923982668542477,-0.9247106525247433,0.8690388971234428,-1.3298008330301123,-0.5585518823103536,1.4354397205188547
0.6869064754408575,-1.2472404426276116,-1.2787303272263937,1.2079205018784298,-1.2457870642109825,1.1012664264998386,0.09203115430328901,-0.2617134455644004,-0.013013550199157193,-0.2678344088935284
-0.8731669547568407,1.5048371502551354,0.5079575508926754,-1.3273020933144242,1.6635348500458245,-0.31828377543726866,-1.7273040483975588,0.25874501257888877,1.4260789465769304,-0.6765213899753939
-0.8439155779406341,1.1572999440332037,-1.259723009374063,1.049844823934608,-1.426431235357647,0.5656152762108947,-1.2156160226379453,1.3655163574638591,0.9557872809638296,-1.2331348446924209
0.21888444638154758,-0.29066057430772424,-0.9936205594414358,1.3490174300215139,-0.561240731444675,1.0749857646652135,-1.4619843313370184,0.5580412494894034,1.3508322800788342,-0.6438217075702307
-1.7702091771205175,0.17671306526433067,-1.4592998468235336,1.0345382978378759,-0.6182862591752006,1.0649634063943836,0.2246910128335593,-0.4096102074756513,-0.3704352160651134,0.9874795332914027
1.6034496156820048,-0.42308268369306407,-0.6039705434686601,1.2793526768533223,1.5399362066296858,-0.6059922474131074,-1.2629945435416134,1.036245419373809,0.9275697810270439,-1.2613660716133743
1.0086716204191324,-1.6935921530793097,0.2513587598862132,-0.5787393089402739,0.34198012428864777,-0.7126306157483655,-1.5377899647828872,0.31753045698426036,1.407267279952406,-0.8708257675393557
-0.22963666480029063,0.6385634624434896,1.1161917221672522,-1.3175151898890949,0.7983443461328525,-1.3858566716472787,1.0490772765573813,-1.4972401548641636,-0.08826021669725309,0.054833377738931384
0.5699009681760301,-1.146058733418656,0.10880387599373428,-0.270272390212501,0.2754270086030344,-0.3814251832026542,-0.05958011258844823,-0.026323598012966763,-0.8219152150536899,1.4814679170176477
-0.16138345222914113,0.3536095878860362,-0.9175912880321138,1.334495115438269,1.292738919797408,-0.9635423318747371,1.4470568521481915,-0.9753917890549605,0.09985644954798703,-0.21394895489755242
1.3401872243361435,-0.854714378999501,1.334775877469053,-0.7450805607401777,-1.7021512860551877,-0.08899940973319544,-1.4146058104333505,0.6852761122860979,0.5325247819120393,-1.234517854518779
-1.3216880659386792,1.1934350432312426,1.3157685596167221,-1.118205400119831,1.264216155932145,-1.1942977785514783,-0.10695863349211607,0.1800192393490618,-0.6714218820574978,1.4321613805957558
-0.4733981382686806,1.0666166457144206,0.6695197526374849,-1.2615040883662643,-1.502491938998348,0.6143986342702804,-1.6609741191324239,0.08541134224683788,0.7394531147818035,-1.3371908900707548
-1.5069467857746557,0.6182171915478348,-1.2027010558170714,1.2131580120711776,1.3022465077524954,-1.0454808402207014,1.2859698810757205,-1.022965298047867,-1.0758727144847642,1.5236424375667386
1.739956040824304,-0.17732959959698985,-1.4402925289712032,0.7850502473629327,1.321261683662671,-1.1255513750616455,1.712376569208732,-0.05646296535413442,1.3790497800156203,-0.8539449673438065
0.09212848017798483,-0.3310538396825294,-1.3927742343403768,0.8661412483568589,-1.645105758324662,0.034091201339959944,-0.722879405239799,1.3110467011237028,-1.5179468801610787,0.41462748607610417
-1.2534348533675297,0.9721815330637411,-1.2692266683002285,1.0342301778581253,-0.37108897234292293,0.8639485605580436,-0.8081607428664014,1.3045869008793416,-0.20113021644439733,0.5566064853221567
0.16038169274913433,-0.443314291766926,0.7170380472683111,-1.2890207440312953,-0.8940063098727412,1.2670676510426042,-0.6849765885168648,1.2844445890847769,1.4166731132646684,-0.5385534302235855
-0.3466421720651176,0.997181096211096,-0.7845400630657999,1.2199965604437322,0.5796698231658377,-1.2574175406797239,-1.0734804599269416,1.61044202077773,1.5389489463240744,-0.4139039060301449
-1.5947009162232761,0.5183555376651288,0.09930021706756914,-0.02526228048963413,0.3324725363335598,-0.6573045213662957,-0.5049382090829267,1.031942801707285,-0.11647771663403902,0.07874190714191973
-0.015126568148106902,-0.07415214088555082,-0.16680223286505816,0.4503364967403141,-1.0651428930643179,1.5618874174691946,1.2670184727142535,-1.0116878725392064,1.5577606129485984,-0.06686727921523221
-1.799460553936724,0.010751278050530657,1.030658791831765,-1.4007043020625254,-1.2362794762558948,1.072882093115232,0.7174276302317054,-0.9934791820566946,-1.3862652137894105,0.8657018339567408
-1.2924366891224723,1.1268338780523663,-0.6514888380994865,1.1786384874855704,-0.2284751530166091,0.5578067873853559,1.3238726977986548,-0.8237823471280309,0.062233116298938955,-0.3995689036267502
-0.5709027276560369,1.1370746292125355,-0.5754595666901644,1.2928764522534073,0.6842532906718012,-1.7199836131060096,-0.3059484212875214,0.6305593673710531,1.2003389470826418,-1.0932754721486262
1.0671743740515465,-1.1267070436748652,0.31788437236936995,-0.6881593954549299,0.7032684665819766,-1.2959936123499498,1.466008260509659,-0.7075599250977744,-0.925379381488572,1.2856604312964728
-1.3704403606323572,0.6559727569713192,0.9736368382747734,-1.5195449603281956,0.9124354015939039,-1.6202390325278058,-1.4809357396984857,0.7135332473062962,-1.0946843811092881,1.4494364683259546
-0.2003852879840834,0.4236137439137181,1.2777539239120617,-1.125119756194757,-0.019308218004681566,0.1631058528008748,-0.8460635595893355,1.4879597449559185,-0.934785214800834,1.4095971831096084
1.252433093887523,-1.2697494683997748,-1.3072413040048894,1.030305457620865,0.9599733413693423,-1.4690206548943152,-0.32489982964898834,0.9154032127936405,0.9934106142128777,-0.977805405938478
1.232932176010052,-1.0220959522315107,0.27036607773854376,-0.8495118224026769,0.5416394713454873,-1.2535834384906346,-0.5996952508902624,1.4633568656417062,0.5231189485997775,-1.199093003052955
-0.8829174136955763,1.5680207269978892,1.6579002809586718,0.27950302740617916,-1.0366201291990553,1.2131936112079085,-0.41965687145632424,0.9135091105854405,0.8523231145289477,-1.3901565913695022
-0.7366605296145423,1.3305651112987966,-0.8510656755489567,1.5385419717228237,-0.4851800278039743,1.1968341628906316,-0.125910041853583,0.37438805283158244,0.23153811591965504,-0.6004069606336111
0.6576550986246505,-1.32530285428451,-0.2143205274958844,0.43091740969543924,-0.34256620847766023,0.8958865863807721,0.18678819611062494,-0.48476498947669144,-1.6684402131572706,0.30617360601284793
-1.2339339354900587,1.1439976650545693,0.745549024046807,-1.4311879688791205,1.4733830909440722,-0.7827279198283751,-0.33437553382972207,0.7948179015486404,0.081044782923463,-0.3068402353211978
1.184179881316374,-1.0079321399407768,-1.0411388540722621,1.5643171297569165,-0.4471496759836238,1.0919764694036505,0.8974660096656437,-1.6934072144820862,0.6077714484101355,-1.3579301059073048
-0.9511706262667258,1.2093938361529926,1.0876807453887563,-1.2536258663532127,0.21838148087250867,-0.24953530105173188,0.6984762218702385,-1.4598866430382647,1.284991446893,-1.0100261854139565
1.710704664008097,-0.23465216468680689,-1.544832777159021,0.5741619192552533,0.7127760545370642,-1.5001591252533741,-0.48598680072145956,1.380182737103509,0.05282728298667681,-0.21676251533687316
0.12137985699419183,-0.2372240202862001,-1.069649830850758,1.2744573109169544,-1.0271125412439677,1.3137376186017995,0.6321462926051031,-1.28461986491695,-0.6526102154329737,1.2770502866001283
-0.10288069859672715,0.43160254619995986,-1.6113583896421777,0.3008178849140211,0.5226242954353119,-1.3039692886019698,-0.28699701292605423,0.5366714870378938,-1.3110185472913143,1.1608532706873835
-0.6099045634109793,1.1835772065198666,-0.15729857393889302,0.9212160595971361,-1.3598781196720338,0.8355829223509322,1.702900865027998,-0.1714803149004843,-0.13528938325856332,0.3929638659342158
